email,name,age,street,city,state,zip,dollar,product,company,date
ricne@vo.us,Manuel Norton,23,Uvme Heights,Gelore,NH,75513,"$7,177.53 ",SFBasic,Bowman,1/30/1947
pup@keb.gt,Luella Lee,57,Pahano Loop,Dimbaef,DE,14410,"$5,330.98 ",SFPremium,Cook,9/24/1994
ijefon@loiko.cy,Milton Rodriguez,63,Nuldu Court,Saewkes,MI,19898,"$1,295.60 ",SFBasic,Mathis,2/26/2063
zorag@biuzi.bt,Curtis Harrison,52,Kijjij Extension,Ahotdih,AR,83409,"$5,936.87 ",SFBasic,Berry,12/31/2004
ba@boznozev.sr,Addie Grant,29,Ujipa Point,Ecuozawi,NM,37366,"$5,438.37 ",SFBasic,Marshall,10/11/1948
pamvesgal@ki.dz,Barbara Garcia,50,Biho Loop,Rikuzsep,NH,49739,$881.35 ,SFBasic,Phelps,3/2/2010
tivolzi@zukavga.cl,Polly Norton,47,Podeb Pike,Tibzeapo,DE,87502,"$6,336.97 ",SFPremium,Terry,9/9/2023
kotji@le.my,Larry Simmons,25,Jaffip Key,Wedrecep,TN,55298,"$8,793.46 ",SFPremium,Grant,5/27/1907
ofe@hive.mh,Eleanor Blake,54,Urosa Junction,Zamionu,OK,75371,"$7,624.59 ",SFBasic,Atkins,10/5/1979
guwnaz@uga.tr,Sarah Flowers,60,Rahu Turnpike,Ikucaezu,MT,58212,"$7,765.95 ",SFPremium,Ramos,7/23/2032
wam@ogi.ba,Devin Rose,48,Bekula Plaza,Osozwur,ID,25078,"$2,437.05 ",SFPremium,Sparks,6/7/1918
ochi@suisale.wf,Dean Craig,37,Lijhic Parkway,Kizoazi,CO,60356,"$5,423.98 ",SFPremium,Steele,1/22/1963
veusi@cu.mv,Samuel Harmon,19,Eluzen Turnpike,Tidvemi,OH,16269,"$8,678.28 ",SFBasic,Peterson,10/16/1999
zobice@tuh.om,Evelyn Mann,19,Uwcet Highway,Ojruju,TN,99096,"$1,718.98 ",SFPremium,Sims,7/30/1933
zus@za.is,Christian Valdez,47,Ihac Center,Dapumwa,LA,97249,"$8,221.54 ",SFPremium,Russell,6/24/1921
fa@uta.mv,Aiden Black,30,Nedno Loop,Menuviz,AZ,7862,"$3,834.27 ",SFPremium,Peterson,9/1/1977
farisihe@kajagnet.mp,Ernest Wagner,50,Kofav Avenue,Bopjeilu,NE,42473,"$8,381.51 ",SFPremium,Norman,5/9/2048
lul@ojodo.qa,Elijah Mendoza,28,Pekaw Center,Jirumtaz,VT,30716,"$5,283.46 ",SFPremium,Neal,9/3/2054
tunwip@revup.ne,Theodore Rice,21,Afomah Manor,Avjono,NJ,93946,"$2,308.32 ",SFBasic,Ramirez,3/7/2047
oco@lu.be,Carlos Farmer,46,Huvra Turnpike,Kuknurjug,OR,74958,"$8,335.11 ",SFPremium,Stone,8/19/1954
pabjen@biz.br,Gabriel Peters,21,Telo Grove,Maevifi,NY,41197,$118.30 ,SFPremium,Guzman,11/10/1956
tucem@kobga.org,Loretta Wong,26,Ledrug Plaza,Honhiego,OK,69184,$715.88 ,SFBasic,Nichols,9/17/1919
lez@caf.nu,Vernon Mullins,54,Bowa Plaza,Retofji,LA,46826,"$4,187.14 ",SFBasic,Mason,12/19/2052
acoor@tipikce.mx,Amy Lamb,49,Butdo Avenue,Rilrectub,NV,3432,"$1,900.55 ",SFBasic,Welch,2/28/1929
raduno@wivo.bq,Jorge Gray,20,Miwew Loop,Sahihet,AL,69169,$390.04 ,SFBasic,Banks,1/28/2033
anu@cooppu.edu,Willie Keller,29,Esah Terrace,Eriteric,IN,69735,"$5,878.22 ",SFBasic,Colon,7/22/2065
odiweha@zitpaled.bg,Milton Flores,31,Gidpi Turnpike,Odfusu,IL,74134,"$8,843.51 ",SFBasic,Jensen,12/1/2031
ta@if.be,Delia Medina,43,Avoc Place,Wutigher,MS,21813,"$5,693.43 ",SFPremium,Padilla,12/11/2009
voktocuw@ucises.net,Elnora Rowe,23,Nitur Square,Defmica,CO,45696,"$4,632.77 ",SFPremium,Shelton,12/11/1982
zut@ni.vu,Tillie Clayton,61,Zuja Plaza,Hozziwvu,MN,96517,"$2,503.30 ",SFBasic,Ortiz,4/4/1991
lu@ewowefsi.sm,Harvey Nichols,43,Loji Manor,Isiunnir,ND,51117,"$9,369.69 ",SFPremium,Brock,10/22/1994
jab@rufome.es,Aiden Carr,65,Lalu Glen,Wecvamog,MD,13816,"$3,553.10 ",SFPremium,Carson,1/15/1945
tujholcim@vih.ag,Bill Wilkins,32,Dauwa Court,Maroglap,NV,64211,"$1,806.34 ",SFBasic,McBride,8/16/1921
hazzo@baho.tj,Vincent Hampton,54,Reuka Ridge,Najubtat,FL,68799,"$3,012.60 ",SFPremium,Fox,3/9/1945
zisjani@tindun.pk,Wayne Willis,49,Najih Parkway,Okwaoz,AL,10909,$520.23 ,SFPremium,Fitzgerald,12/3/1957
cajha@zupiij.mx,Blanche Lamb,38,Emizeg Terrace,Zipegure,IL,21459,"$6,836.92 ",SFBasic,Sandoval,8/21/1920
fudot@otawit.as,Jerry Mathis,35,Kacuf Path,Hifseffef,TX,19128,"$1,920.52 ",SFBasic,Andrews,11/11/1954
fapeh@suog.be,James Blake,53,Fegod Boulevard,Micmezvak,OR,17048,"$7,635.35 ",SFBasic,McDaniel,9/4/1967
opkovcu@paoravi.sx,Ellen Smith,47,Kuwko Loop,Zoktuskum,NE,3912,"$4,567.83 ",SFBasic,Alexander,5/29/2064
obro@woadeze.tr,Myra Berry,41,Leguni Parkway,Omgikub,MO,74734,$628.80 ,SFPremium,Ray,6/4/2057
eleer@ute.ac,Timothy McCormick,35,Gaecu Plaza,Lutauja,GA,64757,"$8,351.35 ",SFPremium,Jensen,9/23/2008
kufvuguha@roh.ua,Rosalie Ortiz,46,Iraihu Pike,Sasimre,WY,66012,$882.60 ,SFBasic,Houston,4/22/2036
fephajzo@fukev.mk,Bryan Abbott,29,Ledso Drive,Vewuhak,WA,43210,"$7,858.41 ",SFPremium,Ortiz,10/14/1975
cadawbu@pikfegul.kz,Mattie Robbins,55,Lelir Ridge,Surimo,NH,2464,"$2,551.95 ",SFPremium,McCormick,4/25/2019
cotamlu@ru.nr,Gussie Chandler,21,Doswik Park,Porhegi,LA,51825,"$8,621.79 ",SFBasic,Caldwell,10/30/1912
zatnedo@sadhedu.om,Maria Harris,61,Ofvej Pike,Itamosfad,MD,38306,"$4,617.26 ",SFBasic,Wilkins,6/24/2063
sizo@vivine.ua,Eleanor Cain,57,Tamu Center,Unosuweb,WA,78695,"$1,134.23 ",SFPremium,Wolfe,5/31/1999
suv@kahwahog.pw,Bradley Bowman,63,Milene Trail,Lazkefnom,IA,18763,$454.88 ,SFBasic,Manning,4/11/1917
jiglijot@cahtipa.to,Franklin Delgado,18,Rubmir Turnpike,Gefeeja,LA,48075,"$7,393.81 ",SFBasic,Joseph,1/25/1991
devlu@pap.mq,Madge Austin,48,Cerud Heights,Utkonuh,FL,17560,"$7,551.57 ",SFPremium,Moody,1/17/1961
ridgucof@apu.co,Mario Meyer,45,Ufoja Center,Rocworo,GA,48539,"$8,284.17 ",SFPremium,Wolfe,3/10/2020
podhiz@su.gw,Kate Bailey,50,Enawed Park,Omkunu,HI,51851,"$6,520.41 ",SFBasic,Morton,6/16/2059
opkewjo@tishil.sx,Mayme Higgins,22,Beju Grove,Enanawam,VA,7236,"$2,508.00 ",SFPremium,Hughes,10/25/1965
emafi@juuja.va,Eleanor Mendoza,54,Gakoj Manor,Urnamtid,ME,73150,"$9,364.81 ",SFBasic,Rodriquez,12/13/1956
uliga@fet.fk,Susie Ingram,34,Cioz Glen,Piguca,TX,40650,"$1,521.12 ",SFBasic,Lamb,3/6/2034
jetrore@mu.sc,Frances Wilkerson,26,Fuwdi Boulevard,Olkoscoh,MO,84775,"$4,762.13 ",SFBasic,McCormick,12/5/1979
di@bu.fo,Ray Webb,38,Otivo Grove,Gosezbat,FL,3067,"$6,985.12 ",SFBasic,Berry,10/6/1923
zizoda@vezeh.net,Leah Farmer,38,Urinuc Highway,Bazekpi,IA,61637,"$1,384.42 ",SFPremium,Harvey,1/28/1916
vofol@aci.mv,Bruce Roy,23,Lizri Square,Veoreabo,KS,38328,"$7,924.05 ",SFBasic,Blake,10/25/1937
hepzu@gelejdo.bs,Lottie Figueroa,37,Ilziw Point,Gunadud,AR,37769,"$9,805.11 ",SFPremium,Reyes,2/27/1934
elek@pur.bw,Lucas Boone,22,Mukal Square,Ushecroj,OK,74869,"$3,269.98 ",SFBasic,Haynes,9/20/2061
anlu@revi.bt,Dylan Goodman,40,Acoanu Path,Gacicmit,TN,54150,"$5,209.11 ",SFBasic,Swanson,1/16/1905
cu@gopa.sv,Helen May,46,Eteki Road,Cezibru,VA,87452,"$6,893.76 ",SFPremium,Sutton,11/22/2040
kef@li.gd,Hunter Salazar,58,Nokera Point,Hazmedoj,KY,85306,"$9,645.08 ",SFBasic,Daniel,1/3/2054
bolu@bozog.er,Gene Shelton,42,Tuzo Square,Safesow,DC,34060,"$8,825.51 ",SFBasic,Duncan,2/25/1938
ref@ocvane.im,Mario Parker,60,Jafi Pass,Ohovudpa,ND,60465,"$2,198.64 ",SFBasic,Neal,5/23/2024
met@eduwut.ky,Adele Hunter,25,Wanuzi Boulevard,Pibazogi,MA,5189,"$9,392.40 ",SFBasic,Owen,4/1/1956
wihaap@cupsob.uz,Iva Knight,43,Jubuku Park,Vomledu,TX,48919,"$3,114.51 ",SFBasic,Miller,10/11/1953
uweavfe@tamtabod.pn,Ricky Bryan,29,Etho River,Rikohij,MN,25491,"$4,249.31 ",SFBasic,Copeland,10/11/2065
lozwohveg@erozu.gr,Jose Peterson,25,Mogu Square,Nabeznev,ND,8147,"$1,520.97 ",SFBasic,Houston,1/30/2059
cuwotme@fecbeot.cx,Ray Moody,35,Woir Heights,Uhijifuh,NH,26054,$942.50 ,SFBasic,Gonzalez,5/9/1954
ibu@nal.ad,Shane McLaughlin,26,Abake Manor,Zumgedib,ND,54113,"$8,998.50 ",SFPremium,Morales,9/2/1944
saodouhi@hos.pe,Bryan Fitzgerald,25,Binnoc Glen,Fekigjew,WV,52629,"$1,171.98 ",SFPremium,White,5/15/1926
wokeboevu@dogro.co.uk,Roy Hansen,47,Etuugo Extension,Ezezovsi,MI,19159,"$9,524.04 ",SFBasic,Dean,6/4/1912
si@berfadibo.ms,Aaron McCoy,36,Vunvof Drive,Gunupawu,AZ,15507,"$3,362.92 ",SFPremium,Christensen,9/23/1924
tih@dikujo.jo,Angel Dixon,49,Lofge Drive,Givufod,HI,79479,"$3,394.36 ",SFPremium,Fox,5/18/1964
fahja@ge.be,Jeffrey Mitchell,62,Idaw Way,Notgufcap,VT,90418,"$1,500.59 ",SFBasic,Jennings,5/8/2055
epona@ve.uz,Lora Warner,31,Mewduj Glen,Ojirama,ME,83731,"$5,753.71 ",SFBasic,Ford,8/5/1916
re@zisarmes.er,Scott Parker,64,Voknop Manor,Vacothes,TX,8180,"$9,834.07 ",SFBasic,Beck,8/27/1932
tesafi@sadenvi.jm,Winifred Walton,30,Izejop Road,Feaboat,ID,52095,"$5,239.23 ",SFPremium,Lawrence,7/16/2004
go@mo.sg,Violet Owen,33,Zakji Terrace,Bawcimwo,NY,82331,"$5,515.27 ",SFBasic,Ortega,11/23/2032
ed@omefuhfej.ad,Ronnie Bowen,19,Ehokeg Glen,Zoonagi,NE,91845,$739.42 ,SFPremium,Fuller,5/4/1977
nizvif@umu.tc,Brett Payne,20,Enuz Ridge,Kefligvab,WI,46794,"$3,907.86 ",SFPremium,Frazier,12/26/2064
guor@zotib.gw,Christina Adkins,54,Cucjut Circle,Seznuspi,ND,93352,"$2,622.23 ",SFBasic,Guzman,12/22/1993
ojeorola@ekikucu.in,Jane Massey,26,Godaj Road,Suocaad,UT,94143,"$8,337.87 ",SFBasic,Patton,9/12/2038
citbekmi@nizir.gy,Eugene Franklin,62,Foca View,Lezmisbo,NY,30104,"$6,349.70 ",SFPremium,Harvey,2/15/1914
tiwa@besinba.cv,Rhoda Patrick,48,Fuve Manor,Kubesove,ND,62836,$527.82 ,SFBasic,Stone,2/20/1962
mucikiv@cel.ml,Gussie Elliott,31,Wawo Point,Pubomum,TN,56562,"$7,032.21 ",SFPremium,Henry,10/8/1917
gug@ocpe.dk,Juan Alvarado,56,Medmi Highway,Zavoob,MN,22856,$556.13 ,SFPremium,Torres,9/10/2044
foznaoto@jajtudvoc.no,Barbara Murray,40,Emurol Mill,Otonaka,HI,43457,"$1,545.84 ",SFPremium,Bates,9/3/2022
sa@mezlo.uk,Martin Woods,24,Gose River,Coecacip,PA,19725,"$9,111.84 ",SFPremium,Jackson,12/12/1922
ge@kaca.fj,Tony Clark,32,Zeara Court,Uzaviffi,MI,12948,"$4,509.84 ",SFBasic,Carlson,2/5/1999
nede@micnonu.ke,Lilly Casey,32,Rafogu Pass,Fuwkohji,AZ,12952,"$2,173.11 ",SFPremium,Singleton,5/24/2040
ebdej@tihuzdo.mc,Effie Hanson,64,Kalbi Street,Bijlahef,CT,97984,"$7,175.13 ",SFBasic,Ruiz,4/3/1991
lavoli@bapsav.mu,Estelle Norman,49,Goru Place,Osnait,VT,110,"$2,002.55 ",SFBasic,Simon,10/30/1985
jom@if.al,Jean Walsh,35,Alku Center,Ifozigani,KS,67869,"$6,027.31 ",SFBasic,Cox,4/18/2055
utasager@wip.tg,Hulda Newton,43,Bejcuk Parkway,Soarpi,TX,34109,"$2,773.96 ",SFBasic,Johnson,5/29/2039
mo@ofhe.mr,Ryan Perez,38,Cekku Way,Nuwuvgu,GA,56051,"$5,409.00 ",SFPremium,Dunn,1/15/2052
reifeowi@tab.ss,Hettie Swanson,54,Hiznec Plaza,Cudogi,MI,55044,"$1,235.86 ",SFPremium,Rodriguez,9/24/1991
